﻿<?xml version="1.0" encoding="utf-8"?>
<deployment>
  <id>c1001ff9-4d9e-4b2f-8ae7-464495b69139</id>
  <author>N/A</author>
  <deployer>OneDeploy</deployer>
  <authorEmail>N/A</authorEmail>
  <message>OneDeploy</message>
  <progress>Running deployment command...</progress>
  <status>Building</status>
  <statusText>Building and Deploying 'c1001ff9-4d9e-4b2f-8ae7-464495b69139'.</statusText>
  <lastSuccessEndTime />
  <receivedTime>2025-08-01T00:42:31.0175855Z</receivedTime>
  <startTime>2025-08-01T00:42:32.4193223Z</startTime>
  <endTime />
  <complete>False</complete>
  <is_temp>False</is_temp>
  <is_readonly>True</is_readonly>
  <buildSummary />
</deployment>