﻿<?xml version="1.0" encoding="utf-8"?>
<deployment>
  <id>2513a6f2-410b-41ef-8cd3-242d282f928c</id>
  <author>N/A</author>
  <deployer>OneDeploy</deployer>
  <authorEmail>N/A</authorEmail>
  <message>OneDeploy</message>
  <progress></progress>
  <status>Success</status>
  <statusText></statusText>
  <lastSuccessEndTime>2025-07-31T23:22:55.3059173Z</lastSuccessEndTime>
  <receivedTime>2025-07-31T23:22:43.7668801Z</receivedTime>
  <startTime>2025-07-31T23:22:45.1474062Z</startTime>
  <endTime>2025-07-31T23:22:55.3059173Z</endTime>
  <complete>True</complete>
  <is_temp>False</is_temp>
  <is_readonly>True</is_readonly>
  <buildSummary />
</deployment>