﻿<?xml version="1.0" encoding="utf-8"?>
<deployment>
  <id>ad52f0e6-13e0-4d00-b986-d5b3beebd5b8</id>
  <author>N/A</author>
  <deployer>OneDeploy</deployer>
  <authorEmail>N/A</authorEmail>
  <message>OneDeploy</message>
  <progress></progress>
  <status>Success</status>
  <statusText></statusText>
  <lastSuccessEndTime>2025-07-31T15:09:14.2035331Z</lastSuccessEndTime>
  <receivedTime>2025-07-31T15:09:03.8370335Z</receivedTime>
  <startTime>2025-07-31T15:09:05.2094455Z</startTime>
  <endTime>2025-07-31T15:09:14.2035331Z</endTime>
  <complete>True</complete>
  <is_temp>False</is_temp>
  <is_readonly>True</is_readonly>
  <buildSummary />
</deployment>