﻿<?xml version="1.0" encoding="utf-8"?>
<deployment>
  <id>5963c90c-bf2b-4d90-9822-51636544140e</id>
  <author>N/A</author>
  <deployer>OneDeploy</deployer>
  <authorEmail>N/A</authorEmail>
  <message>OneDeploy</message>
  <progress></progress>
  <status>Success</status>
  <statusText></statusText>
  <lastSuccessEndTime>2025-08-01T00:33:54.4895998Z</lastSuccessEndTime>
  <receivedTime>2025-08-01T00:33:42.9301324Z</receivedTime>
  <startTime>2025-08-01T00:33:44.2702016Z</startTime>
  <endTime>2025-08-01T00:33:54.4895998Z</endTime>
  <complete>True</complete>
  <is_temp>False</is_temp>
  <is_readonly>True</is_readonly>
  <buildSummary />
</deployment>