<step title="Incoming Request" date="2025-08-01T00:33:38.020" instance="7cde0c" url="/api/publish?type=zip" method="POST" type="request" pid="820,1,34" Accept="*/*" Host="slide-view-app-new.scm.azurewebsites.net" User-Agent="AZURECLI/2.75.0 (DEB)" Accept-Encoding="gzip, deflate" Authorization="Bas..." Cache-Control="no-cache" Content-Type="application/octet-stream" Cookie="ARRAffinity=7cde0ce03596ffa77c8807d4eb3f61ae3283098bbbdc0404f9c10c048e8f0bd3; ARRAffinitySameSite=7cde0ce03596ffa77c8807d4eb3f61ae3283098bbbdc0404f9c10c048e8f0bd3" Content-Length="2846976" x-ms-client-request-id="232fbde8-6e6f-11f0-a03a-000d3aa47d00" x-ms-artifact-checksum="6aaa4d3d920c9381fc862405e2cc442571a812418352facd9264e1ab79baae51" X-ARR-LOG-ID="232fbde8-6e6f-11f0-a03a-000d3aa47d00" CLIENT-IP="52.176.139.82:56337" X-SITE-DEPLOYMENT-ID="slide-view-app-new" WAS-DEFAULT-HOSTNAME="slide-view-app-new.scm.azurewebsites.net" X-Forwarded-Proto="https" X-AppService-Proto="https" X-Forwarded-TlsVersion="1.3" X-WAWS-Unencoded-URL="/api/publish?type=zip" X-Client-IP="52.176.139.82" X-Client-Port="56337" >
  <step title="OneDeploy" date="2025-08-01T00:33:38.056" >
    <step title="Starting PushDeployAsync" date="2025-08-01T00:33:38.093" /><!-- duration: 10ms -->
    <step title="Writing artifact to /tmp/zipdeploy/3c02af93-5717-4404-8ec8-47dd76a1d4a8.zip" date="2025-08-01T00:33:38.122" >
      <step title="Writing multipart request body to /tmp/zipdeploy/3c02af93-5717-4404-8ec8-47dd76a1d4a8.zip" date="2025-08-01T00:33:38.126" /><!-- duration: 6ms -->
    </step><!-- duration: 995ms -->
    <step title="Attempting to fetch target branch HEAD" date="2025-08-01T00:33:39.141" /><!-- duration: 5ms -->
    <step title="Acquiring Deployment Lock" date="2025-08-01T00:33:39.150" /><!-- duration: 3ms -->
    <step title="Acquired Deployment Lock" date="2025-08-01T00:33:39.192" /><!-- duration: 4ms -->
    <step title="Performing fetch based deployment" date="2025-08-01T00:33:39.207" >
      <step title="Creating temporary deployment" date="2025-08-01T00:33:39.212" /><!-- duration: 52ms -->
      <step title="Releasing Deployment Lock" date="2025-08-01T00:33:40.424" /><!-- duration: 8ms -->
      <step title="Cleaning up temp folders from previous zip deployments and extracting pushed zip file /tmp/zipdeploy/3c02af93-5717-4404-8ec8-47dd76a1d4a8.zip (2.72 MB) to /tmp/zipdeploy/extracted" date="2025-08-01T00:33:40.459" >
        <step title="ChmodRecursive Process exited with total time taken in ms: 37" date="2025-08-01T00:33:40.834" /><!-- duration: 4ms -->
      </step><!-- duration: 383ms -->
      <step title="None repository commit" date="2025-08-01T00:33:40.846" >
        <step title="Commit id: 5963c90c-bf2b-4d90-9822-51636544140e" date="2025-08-01T00:33:40.850" Message="OneDeploy" AuthorName="N/A" AuthorEmail="N/A" /><!-- duration: 4ms -->
      </step><!-- duration: 11ms -->
      <step title="Deployment timer started" date="2025-08-01T00:33:42.862" >
        <step title="DeploymentManager.Deploy(id:5963c90c-bf2b-4d90-9822-51636544140e)" date="2025-08-01T00:33:42.872" >
          <step title="Collecting changeset information" date="2025-08-01T00:33:42.896" /><!-- duration: 92ms -->
          <step title="Updating submodules" date="2025-08-01T00:33:42.997" /><!-- duration: 1122ms -->
          <step title="Determining deployment builder" date="2025-08-01T00:33:44.328" >
            <step title="Builder is OneDeployBuilder" date="2025-08-01T00:33:44.340" /><!-- duration: 3ms -->
          </step><!-- duration: 20ms -->
          <step title="PreDeployment: context.CleanOutputPath False" date="2025-08-01T00:33:44.398" >
            <step title="PreDeployment: context.OutputPath /home/site/wwwroot" date="2025-08-01T00:33:44.534" >
              <step title="Building" date="2025-08-01T00:33:44.651" >
                <step title="Executing external process" date="2025-08-01T00:33:45.238" type="process" path="starter.sh" arguments="/opt/Kudu/Scripts/parallel_rsync.sh /tmp/zipdeploy/extracted /home/site/wwwroot 8 /tmp/ False False  " /><!-- duration: 8452ms -->
                <step title="Modified file to trigger a restart of the app container." date="2025-08-01T00:33:54.113" /><!-- duration: 5ms -->
                <step title="Skip function trigger and logicapp sync because function is not enabled." date="2025-08-01T00:33:54.122" /><!-- duration: 6ms -->
              </step><!-- duration: 10325ms -->
            </step><!-- duration: 10453ms -->
            <step title="Cleaning up temp files" date="2025-08-01T00:33:54.991" /><!-- duration: 5ms -->
            <step title="Cleaning up temp files" date="2025-08-01T00:33:55.000" /><!-- duration: 507ms -->
            <step title="Reloading status file with latest updates" date="2025-08-01T00:33:55.545" >
              <step title="WebHooksManager.PublishEventAsync: PostDeployment" date="2025-08-01T00:33:55.551" /><!-- duration: 31ms -->
            </step><!-- duration: 40ms -->
            <step title="Cleaning up temporary deployment - fetch deployment was successful" date="2025-08-01T00:33:55.593" /><!-- duration: 4ms -->
          </step><!-- duration: 11288ms -->
        </step><!-- duration: 12820ms -->
        <step title="Outgoing response" date="2025-08-01T00:33:55.702" type="response" statusCode="200" statusText="OK" /><!-- duration: 4ms -->
      </step><!-- duration: 12850ms -->
