<step title="Incoming Request" date="2025-07-31T23:22:38.599" instance="7cde0c" url="/api/publish?type=zip" method="POST" type="request" pid="820,1,45" Accept="*/*" Host="slide-view-app-new.scm.azurewebsites.net" User-Agent="AZURECLI/2.75.0 (DEB)" Accept-Encoding="gzip, deflate" Authorization="Bas..." Cache-Control="no-cache" Content-Type="application/octet-stream" Cookie="ARRAffinity=7cde0ce03596ffa77c8807d4eb3f61ae3283098bbbdc0404f9c10c048e8f0bd3; ARRAffinitySameSite=7cde0ce03596ffa77c8807d4eb3f61ae3283098bbbdc0404f9c10c048e8f0bd3" Content-Length="2848504" x-ms-client-request-id="38767fa2-6e65-11f0-a03a-6045bdeb27d0" x-ms-artifact-checksum="9af01fa12171fc5bc550ad2ccb0d5724e78d671b1ef4a743345662b3edfd8f0b" X-ARR-LOG-ID="38767fa2-6e65-11f0-a03a-6045bdeb27d0" CLIENT-IP="20.55.13.161:18441" X-SITE-DEPLOYMENT-ID="slide-view-app-new" WAS-DEFAULT-HOSTNAME="slide-view-app-new.scm.azurewebsites.net" X-Forwarded-Proto="https" X-AppService-Proto="https" X-Forwarded-TlsVersion="1.3" X-WAWS-Unencoded-URL="/api/publish?type=zip" X-Client-IP="20.55.13.161" X-Client-Port="18441" >
  <step title="OneDeploy" date="2025-07-31T23:22:38.612" >
    <step title="Starting PushDeployAsync" date="2025-07-31T23:22:38.630" /><!-- duration: 5ms -->
    <step title="Writing artifact to /tmp/zipdeploy/acde51b4-7fac-49a9-806f-e3ed8f147352.zip" date="2025-07-31T23:22:38.647" >
      <step title="Writing multipart request body to /tmp/zipdeploy/acde51b4-7fac-49a9-806f-e3ed8f147352.zip" date="2025-07-31T23:22:38.651" /><!-- duration: 4ms -->
    </step><!-- duration: 1301ms -->
    <step title="Attempting to fetch target branch HEAD" date="2025-07-31T23:22:39.970" /><!-- duration: 4ms -->
    <step title="Acquiring Deployment Lock" date="2025-07-31T23:22:39.978" /><!-- duration: 4ms -->
    <step title="Acquired Deployment Lock" date="2025-07-31T23:22:40.022" /><!-- duration: 5ms -->
    <step title="Performing fetch based deployment" date="2025-07-31T23:22:40.040" >
      <step title="Creating temporary deployment" date="2025-07-31T23:22:40.045" /><!-- duration: 69ms -->
      <step title="Releasing Deployment Lock" date="2025-07-31T23:22:41.266" /><!-- duration: 9ms -->
      <step title="Cleaning up temp folders from previous zip deployments and extracting pushed zip file /tmp/zipdeploy/acde51b4-7fac-49a9-806f-e3ed8f147352.zip (2.72 MB) to /tmp/zipdeploy/extracted" date="2025-07-31T23:22:41.304" >
        <step title="ChmodRecursive Process exited with total time taken in ms: 42" date="2025-07-31T23:22:41.669" /><!-- duration: 5ms -->
      </step><!-- duration: 375ms -->
      <step title="None repository commit" date="2025-07-31T23:22:41.685" >
        <step title="Commit id: 2513a6f2-410b-41ef-8cd3-242d282f928c" date="2025-07-31T23:22:41.689" Message="OneDeploy" AuthorName="N/A" AuthorEmail="N/A" /><!-- duration: 3ms -->
      </step><!-- duration: 11ms -->
      <step title="Deployment timer started" date="2025-07-31T23:22:43.704" >
        <step title="DeploymentManager.Deploy(id:2513a6f2-410b-41ef-8cd3-242d282f928c)" date="2025-07-31T23:22:43.715" >
          <step title="Collecting changeset information" date="2025-07-31T23:22:43.736" /><!-- duration: 104ms -->
          <step title="Updating submodules" date="2025-07-31T23:22:43.848" /><!-- duration: 1123ms -->
          <step title="Determining deployment builder" date="2025-07-31T23:22:45.210" >
            <step title="Builder is OneDeployBuilder" date="2025-07-31T23:22:45.224" /><!-- duration: 8ms -->
          </step><!-- duration: 26ms -->
          <step title="PreDeployment: context.CleanOutputPath False" date="2025-07-31T23:22:45.309" >
            <step title="PreDeployment: context.OutputPath /home/site/wwwroot" date="2025-07-31T23:22:45.423" >
              <step title="Building" date="2025-07-31T23:22:45.562" >
                <step title="Executing external process" date="2025-07-31T23:22:46.041" type="process" path="starter.sh" arguments="/opt/Kudu/Scripts/parallel_rsync.sh /tmp/zipdeploy/extracted /home/site/wwwroot 8 /tmp/ False False  " /><!-- duration: 8432ms -->
                <step title="Modified file to trigger a restart of the app container." date="2025-07-31T23:22:54.915" /><!-- duration: 6ms -->
                <step title="Skip function trigger and logicapp sync because function is not enabled." date="2025-07-31T23:22:54.927" /><!-- duration: 6ms -->
              </step><!-- duration: 10144ms -->
            </step><!-- duration: 10294ms -->
            <step title="Cleaning up temp files" date="2025-07-31T23:22:55.721" /><!-- duration: 5ms -->
            <step title="Cleaning up temp files" date="2025-07-31T23:22:55.730" /><!-- duration: 505ms -->
            <step title="Reloading status file with latest updates" date="2025-07-31T23:22:56.282" >
              <step title="WebHooksManager.PublishEventAsync: PostDeployment" date="2025-07-31T23:22:56.286" /><!-- duration: 29ms -->
            </step><!-- duration: 37ms -->
            <step title="Cleaning up temporary deployment - fetch deployment was successful" date="2025-07-31T23:22:56.326" /><!-- duration: 4ms -->
          </step><!-- duration: 11108ms -->
        </step><!-- duration: 12709ms -->
        <step title="Outgoing response" date="2025-07-31T23:22:56.428" type="response" statusCode="200" statusText="OK" /><!-- duration: 4ms -->
      </step><!-- duration: 12731ms -->
