<step title="Incoming Request" date="2025-08-01T00:42:20.119" instance="7cde0c" url="/api/publish?type=zip" method="POST" type="request" pid="820,1,33" Accept="*/*" Host="slide-view-app-new.scm.azurewebsites.net" User-Agent="AZURECLI/2.75.0 (DEB)" Accept-Encoding="gzip, deflate" Authorization="Bas..." Cache-Control="no-cache" Content-Type="application/octet-stream" Cookie="ARRAffinity=7cde0ce03596ffa77c8807d4eb3f61ae3283098bbbdc0404f9c10c048e8f0bd3; ARRAffinitySameSite=7cde0ce03596ffa77c8807d4eb3f61ae3283098bbbdc0404f9c10c048e8f0bd3" Content-Length="25489863" x-ms-client-request-id="56465006-6e70-11f0-a03a-7ced8d6f2148" x-ms-artifact-checksum="f69197ed9676fc945831c052b5cf52130c684d8c3c7eb414224284365250ccea" X-ARR-LOG-ID="56465006-6e70-11f0-a03a-7ced8d6f2148" CLIENT-IP="13.83.162.1:14337" X-SITE-DEPLOYMENT-ID="slide-view-app-new" WAS-DEFAULT-HOSTNAME="slide-view-app-new.scm.azurewebsites.net" X-Forwarded-Proto="https" X-AppService-Proto="https" X-Forwarded-TlsVersion="1.3" X-WAWS-Unencoded-URL="/api/publish?type=zip" X-Client-IP="13.83.162.1" X-Client-Port="14337" >
  <step title="OneDeploy" date="2025-08-01T00:42:20.271" >
    <step title="Starting PushDeployAsync" date="2025-08-01T00:42:20.345" /><!-- duration: 52ms -->
    <step title="Writing artifact to /tmp/zipdeploy/6fd0602d-c47c-4fe0-af43-c1aaed32b65a.zip" date="2025-08-01T00:42:20.474" >
      <step title="Writing multipart request body to /tmp/zipdeploy/6fd0602d-c47c-4fe0-af43-c1aaed32b65a.zip" date="2025-08-01T00:42:20.522" /><!-- duration: 27ms -->
    </step><!-- duration: 2997ms -->
    <step title="Attempting to fetch target branch HEAD" date="2025-08-01T00:42:23.531" /><!-- duration: 9ms -->
    <step title="Acquiring Deployment Lock" date="2025-08-01T00:42:23.586" /><!-- duration: 25ms -->
    <step title="Acquired Deployment Lock" date="2025-08-01T00:42:23.709" /><!-- duration: 4ms -->
    <step title="Performing fetch based deployment" date="2025-08-01T00:42:23.728" >
      <step title="Creating temporary deployment" date="2025-08-01T00:42:23.778" /><!-- duration: 442ms -->
      <step title="Releasing Deployment Lock" date="2025-08-01T00:42:25.649" /><!-- duration: 5ms -->
      <step title="Cleaning up temp folders from previous zip deployments and extracting pushed zip file /tmp/zipdeploy/6fd0602d-c47c-4fe0-af43-c1aaed32b65a.zip (24.31 MB) to /tmp/zipdeploy/extracted" date="2025-08-01T00:42:25.764" >
        <step title="ChmodRecursive Process exited with total time taken in ms: 361" date="2025-08-01T00:42:28.563" /><!-- duration: 85ms -->
      </step><!-- duration: 2918ms -->
      <step title="None repository commit" date="2025-08-01T00:42:28.712" >
        <step title="Commit id: c1001ff9-4d9e-4b2f-8ae7-464495b69139" date="2025-08-01T00:42:28.741" Message="OneDeploy" AuthorName="N/A" AuthorEmail="N/A" /><!-- duration: 23ms -->
      </step><!-- duration: 86ms -->
      <step title="Deployment timer started" date="2025-08-01T00:42:30.832" >
        <step title="DeploymentManager.Deploy(id:c1001ff9-4d9e-4b2f-8ae7-464495b69139)" date="2025-08-01T00:42:30.867" >
          <step title="Collecting changeset information" date="2025-08-01T00:42:30.935" /><!-- duration: 154ms -->
          <step title="Updating submodules" date="2025-08-01T00:42:31.095" /><!-- duration: 1146ms -->
          <step title="Determining deployment builder" date="2025-08-01T00:42:32.481" >
            <step title="Builder is OneDeployBuilder" date="2025-08-01T00:42:32.500" /><!-- duration: 4ms -->
          </step><!-- duration: 27ms -->
          <step title="PreDeployment: context.CleanOutputPath False" date="2025-08-01T00:42:32.559" >
            <step title="PreDeployment: context.OutputPath /home/site/wwwroot" date="2025-08-01T00:42:32.673" >
              <step title="Building" date="2025-08-01T00:42:32.828" >
                <step title="Executing external process" date="2025-08-01T00:42:33.329" type="process" path="starter.sh" arguments="/opt/Kudu/Scripts/parallel_rsync.sh /tmp/zipdeploy/extracted /home/site/wwwroot 8 /tmp/ False False  " 