<step title="Incoming Request" date="2025-07-31T15:03:11.289" instance="7cde0c" url="/api/publish?type=zip" method="POST" type="request" pid="821,1,22" Accept="*/*" Host="slide-view-app-new.scm.azurewebsites.net" User-Agent="AZURECLI/2.75.0 (DEB)" Accept-Encoding="gzip, deflate" Authorization="Bas..." Cache-Control="no-cache" Content-Type="application/octet-stream" Cookie="ARRAffinity=7cde0ce03596ffa77c8807d4eb3f61ae3283098bbbdc0404f9c10c048e8f0bd3; ARRAffinitySameSite=7cde0ce03596ffa77c8807d4eb3f61ae3283098bbbdc0404f9c10c048e8f0bd3" Content-Length="2579251" x-ms-client-request-id="700eaafc-6e1f-11f0-a03a-6045bde8efc6" x-ms-artifact-checksum="2e4fa47a6b746228e46076f1025351b4200c9b98d2c2759ef44b378debd944c2" X-ARR-LOG-ID="700eaafc-6e1f-11f0-a03a-6045bde8efc6" CLIENT-IP="172.182.226.212:25633" X-SITE-DEPLOYMENT-ID="slide-view-app-new" WAS-DEFAULT-HOSTNAME="slide-view-app-new.scm.azurewebsites.net" X-Forwarded-Proto="https" X-AppService-Proto="https" X-Forwarded-TlsVersion="1.3" X-WAWS-Unencoded-URL="/api/publish?type=zip" X-Client-IP="172.182.226.212" X-Client-Port="25633" >
  <step title="OneDeploy" date="2025-07-31T15:03:11.403" >
    <step title="None repository commit" date="2025-07-31T15:03:11.425" >
      <step title="Commit id: 07fbf5a1-4a1f-4fd5-b527-ab5efd4fad77" date="2025-07-31T15:03:11.429" Message="N/A" AuthorName="N/A" AuthorEmail="N/A" /><!-- duration: 4ms -->
    </step><!-- duration: 11ms -->
    <step title="Starting PushDeployAsync" date="2025-07-31T15:03:11.440" /><!-- duration: 3ms -->
    <step title="Writing artifact to /tmp/zipdeploy/8efcc5a1-af21-49f8-9864-1306f60b4fe9.zip" date="2025-07-31T15:03:11.465" >
      <step title="Writing multipart request body to /tmp/zipdeploy/8efcc5a1-af21-49f8-9864-1306f60b4fe9.zip" date="2025-07-31T15:03:11.475" /><!-- duration: 4ms -->
    </step><!-- duration: 850ms -->
    <step title="Attempting to fetch target branch HEAD" date="2025-07-31T15:03:12.340" /><!-- duration: 4ms -->
    <step title="Acquiring Deployment Lock" date="2025-07-31T15:03:12.357" /><!-- duration: 3ms -->
    <step title="Acquired Deployment Lock" date="2025-07-31T15:03:12.435" /><!-- duration: 9ms -->
    <step title="Performing fetch based deployment" date="2025-07-31T15:03:12.466" >
      <step title="Creating temporary deployment" date="2025-07-31T15:03:12.493" /><!-- duration: 90ms -->
      <step title="Releasing Deployment Lock" date="2025-07-31T15:03:13.975" /><!-- duration: 27ms -->
      <step title="Cleaning up temp folders from previous zip deployments and extracting pushed zip file /tmp/zipdeploy/8efcc5a1-af21-49f8-9864-1306f60b4fe9.zip (2.46 MB) to /tmp/zipdeploy/extracted" date="2025-07-31T15:03:14.070" >
        <step title="ChmodRecursive Process exited with total time taken in ms: 190" date="2025-07-31T15:03:14.719" /><!-- duration: 4ms -->
      </step><!-- duration: 657ms -->
      <step title="None repository commit" date="2025-07-31T15:03:14.731" >
        <step title="Commit id: 07fbf5a1-4a1f-4fd5-b527-ab5efd4fad77" date="2025-07-31T15:03:14.735" Message="OneDeploy" AuthorName="N/A" AuthorEmail="N/A" /><!-- duration: 3ms -->
      </step><!-- duration: 10ms -->
