<step title="Incoming Request" date="2025-07-31T15:08:58.476" instance="7cde0c" url="/api/publish?type=zip" method="POST" type="request" pid="820,1,23" Accept="*/*" Host="slide-view-app-new.scm.azurewebsites.net" User-Agent="AZURECLI/2.75.0 (DEB)" Accept-Encoding="gzip, deflate" Authorization="Bas..." Cache-Control="no-cache" Content-Type="application/octet-stream" Cookie="ARRAffinity=7cde0ce03596ffa77c8807d4eb3f61ae3283098bbbdc0404f9c10c048e8f0bd3; ARRAffinitySameSite=7cde0ce03596ffa77c8807d4eb3f61ae3283098bbbdc0404f9c10c048e8f0bd3" Content-Length="2579251" x-ms-client-request-id="3f718b3e-6e20-11f0-a03a-7c1e52d09435" x-ms-artifact-checksum="08027e38c10e06242cef82387f654a64262464bd9ff6eb96fa5beaf2858b6180" X-ARR-LOG-ID="3f718b3e-6e20-11f0-a03a-7c1e52d09435" CLIENT-IP="68.154.117.40:3073" X-SITE-DEPLOYMENT-ID="slide-view-app-new" WAS-DEFAULT-HOSTNAME="slide-view-app-new.scm.azurewebsites.net" X-Forwarded-Proto="https" X-AppService-Proto="https" X-Forwarded-TlsVersion="1.3" X-WAWS-Unencoded-URL="/api/publish?type=zip" X-Client-IP="68.154.117.40" X-Client-Port="3073" >
  <step title="OneDeploy" date="2025-07-31T15:08:58.567" >
    <step title="None repository commit" date="2025-07-31T15:08:58.588" >
      <step title="Commit id: ad52f0e6-13e0-4d00-b986-d5b3beebd5b8" date="2025-07-31T15:08:58.592" Message="N/A" AuthorName="N/A" AuthorEmail="N/A" /><!-- duration: 6ms -->
    </step><!-- duration: 15ms -->
    <step title="Starting PushDeployAsync" date="2025-07-31T15:08:58.608" /><!-- duration: 24ms -->
    <step title="Writing artifact to /tmp/zipdeploy/60712ffe-519a-442c-b53a-5c07c3890223.zip" date="2025-07-31T15:08:58.668" >
      <step title="Writing multipart request body to /tmp/zipdeploy/60712ffe-519a-442c-b53a-5c07c3890223.zip" date="2025-07-31T15:08:58.673" /><!-- duration: 3ms -->
    </step><!-- duration: 1192ms -->
    <step title="Attempting to fetch target branch HEAD" date="2025-07-31T15:08:59.881" /><!-- duration: 3ms -->
    <step title="Acquiring Deployment Lock" date="2025-07-31T15:08:59.889" /><!-- duration: 4ms -->
    <step title="Acquired Deployment Lock" date="2025-07-31T15:08:59.938" /><!-- duration: 4ms -->
    <step title="Performing fetch based deployment" date="2025-07-31T15:08:59.953" >
      <step title="Creating temporary deployment" date="2025-07-31T15:08:59.958" /><!-- duration: 101ms -->
      <step title="Releasing Deployment Lock" date="2025-07-31T15:09:01.237" /><!-- duration: 8ms -->
      <step title="Cleaning up temp folders from previous zip deployments and extracting pushed zip file /tmp/zipdeploy/60712ffe-519a-442c-b53a-5c07c3890223.zip (2.46 MB) to /tmp/zipdeploy/extracted" date="2025-07-31T15:09:01.278" >
        <step title="ChmodRecursive Process exited with total time taken in ms: 128" date="2025-07-31T15:09:01.737" /><!-- duration: 5ms -->
      </step><!-- duration: 468ms -->
      <step title="None repository commit" date="2025-07-31T15:09:01.750" >
        <step title="Commit id: ad52f0e6-13e0-4d00-b986-d5b3beebd5b8" date="2025-07-31T15:09:01.759" Message="OneDeploy" AuthorName="N/A" AuthorEmail="N/A" /><!-- duration: 5ms -->
      </step><!-- duration: 17ms -->
      <step title="Deployment timer started" date="2025-07-31T15:09:03.776" >
        <step title="DeploymentManager.Deploy(id:ad52f0e6-13e0-4d00-b986-d5b3beebd5b8)" date="2025-07-31T15:09:03.784" >
          <step title="Collecting changeset information" date="2025-07-31T15:09:03.807" /><!-- duration: 92ms -->
          <step title="Updating submodules" date="2025-07-31T15:09:03.908" /><!-- duration: 1125ms -->
          <step title="Determining deployment builder" date="2025-07-31T15:09:05.270" >
            <step title="Builder is OneDeployBuilder" date="2025-07-31T15:09:05.284" /><!-- duration: 4ms -->
          </step><!-- duration: 22ms -->
          <step title="PreDeployment: context.CleanOutputPath False" date="2025-07-31T15:09:05.339" >
            <step title="PreDeployment: context.OutputPath /home/site/wwwroot" date="2025-07-31T15:09:05.454" >
              <step title="Building" date="2025-07-31T15:09:05.620" >
                <step title="Executing external process" date="2025-07-31T15:09:06.219" type="process" path="starter.sh" arguments="/opt/Kudu/Scripts/parallel_rsync.sh /tmp/zipdeploy/extracted /home/site/wwwroot 8 /tmp/ False False  " /><!-- duration: 7104ms -->
                <step title="Modified file to trigger a restart of the app container." date="2025-07-31T15:09:13.798" /><!-- duration: 4ms -->
                <step title="Skip function trigger and logicapp sync because function is not enabled." date="2025-07-31T15:09:13.808" /><!-- duration: 3ms -->
                <step title="Purge deployment items" date="2025-07-31T15:09:14.591" >
                  <step title="Remove temp-d3aa, Pending, received at 07/31/2025 15:08:59" date="2025-07-31T15:09:14.641" /><!-- duration: 3ms -->
                  <step title="Remove temp-3eeb, Pending, received at 07/31/2025 15:03:12" date="2025-07-31T15:09:14.693" /><!-- duration: 4ms -->
                  <step title="Remove 485c8b96-, Failed, received at 07/31/2025 14:49:55" date="2025-07-31T15:09:14.750" /><!-- duration: 6ms -->
                  <step title="Remove temp-a7ca, Failed, received at 07/31/2025 14:49:51" date="2025-07-31T15:09:14.827" /><!-- duration: 6ms -->
                </step><!-- duration: 245ms -->
              </step><!-- duration: 9294ms -->
            </step><!-- duration: 9466ms -->
            <step title="Cleaning up temp files" date="2025-07-31T15:09:14.929" /><!-- duration: 5ms -->
            <step title="Cleaning up temp files" date="2025-07-31T15:09:14.937" /><!-- duration: 507ms -->
            <step title="Reloading status file with latest updates" date="2025-07-31T15:09:15.472" >
              <step title="WebHooksManager.PublishEventAsync: PostDeployment" date="2025-07-31T15:09:15.477" /><!-- duration: 64ms -->
            </step><!-- duration: 72ms -->
            <step title="Cleaning up temporary deployment - fetch deployment was successful" date="2025-07-31T15:09:15.552" /><!-- duration: 4ms -->
          </step><!-- duration: 10288ms -->
        </step><!-- duration: 11851ms -->
        <step title="Outgoing response" date="2025-07-31T15:09:15.654" type="response" statusCode="200" statusText="OK" /><!-- duration: 5ms -->
      </step><!-- duration: 11887ms -->
