<step title="Incoming Request" date="2025-07-31T15:20:25.384" instance="7cde0c" url="/api/publish?type=zip" method="POST" type="request" pid="820,1,23" Accept="*/*" Host="slide-view-app-new.scm.azurewebsites.net" User-Agent="AZURECLI/2.75.0 (DEB)" Accept-Encoding="gzip, deflate" Authorization="Bas..." Cache-Control="no-cache" Content-Type="application/octet-stream" Cookie="ARRAffinity=7cde0ce03596ffa77c8807d4eb3f61ae3283098bbbdc0404f9c10c048e8f0bd3; ARRAffinitySameSite=7cde0ce03596ffa77c8807d4eb3f61ae3283098bbbdc0404f9c10c048e8f0bd3" Content-Length="2579400" x-ms-client-request-id="d94b64e0-6e21-11f0-a03a-7ced8d3b7407" x-ms-artifact-checksum="cd32623d15c72c49071b559a52359b49f540ce912407fd7358ccf4a94ea20db9" X-ARR-LOG-ID="d94b64e0-6e21-11f0-a03a-7ced8d3b7407" CLIENT-IP="172.184.211.165:11201" X-SITE-DEPLOYMENT-ID="slide-view-app-new" WAS-DEFAULT-HOSTNAME="slide-view-app-new.scm.azurewebsites.net" X-Forwarded-Proto="https" X-AppService-Proto="https" X-Forwarded-TlsVersion="1.3" X-WAWS-Unencoded-URL="/api/publish?type=zip" X-Client-IP="172.184.211.165" X-Client-Port="11201" >
  <step title="OneDeploy" date="2025-07-31T15:20:25.396" >
    <step title="Starting PushDeployAsync" date="2025-07-31T15:20:25.412" /><!-- duration: 4ms -->
    <step title="Writing artifact to /tmp/zipdeploy/4ed1df87-810c-45e3-8d09-597cbdae710c.zip" date="2025-07-31T15:20:25.429" >
      <step title="Writing multipart request body to /tmp/zipdeploy/4ed1df87-810c-45e3-8d09-597cbdae710c.zip" date="2025-07-31T15:20:25.434" /><!-- duration: 6ms -->
    </step><!-- duration: 859ms -->
    <step title="Attempting to fetch target branch HEAD" date="2025-07-31T15:20:26.310" /><!-- duration: 4ms -->
    <step title="Acquiring Deployment Lock" date="2025-07-31T15:20:26.335" /><!-- duration: 4ms -->
    <step title="Acquired Deployment Lock" date="2025-07-31T15:20:26.381" /><!-- duration: 5ms -->
    <step title="Performing fetch based deployment" date="2025-07-31T15:20:26.400" >
      <step title="Creating temporary deployment" date="2025-07-31T15:20:26.405" /><!-- duration: 57ms -->
      <step title="Releasing Deployment Lock" date="2025-07-31T15:20:27.610" /><!-- duration: 8ms -->
      <step title="Cleaning up temp folders from previous zip deployments and extracting pushed zip file /tmp/zipdeploy/4ed1df87-810c-45e3-8d09-597cbdae710c.zip (2.46 MB) to /tmp/zipdeploy/extracted" date="2025-07-31T15:20:27.648" >
        <step title="ChmodRecursive Process exited with total time taken in ms: 71" date="2025-07-31T15:20:27.978" /><!-- duration: 7ms -->
      </step><!-- duration: 342ms -->
      <step title="None repository commit" date="2025-07-31T15:20:27.999" >
        <step title="Commit id: a41877a1-8bff-4e24-9dff-c8cd42a236ac" date="2025-07-31T15:20:28.003" Message="OneDeploy" AuthorName="N/A" AuthorEmail="N/A" /><!-- duration: 4ms -->
      </step><!-- duration: 13ms -->
      <step title="Deployment timer started" date="2025-07-31T15:20:30.020" >
        <step title="DeploymentManager.Deploy(id:a41877a1-8bff-4e24-9dff-c8cd42a236ac)" date="2025-07-31T15:20:30.030" >
          <step title="Collecting changeset information" date="2025-07-31T15:20:30.045" /><!-- duration: 104ms -->
          <step title="Updating submodules" date="2025-07-31T15:20:30.157" /><!-- duration: 1178ms -->
          <step title="Determining deployment builder" date="2025-07-31T15:20:31.617" >
            <step title="Builder is OneDeployBuilder" date="2025-07-31T15:20:31.632" /><!-- duration: 4ms -->
          </step><!-- duration: 23ms -->
          <step title="PreDeployment: context.CleanOutputPath False" date="2025-07-31T15:20:31.713" >
            <step title="PreDeployment: context.OutputPath /home/site/wwwroot" date="2025-07-31T15:20:31.843" >
              <step title="Building" date="2025-07-31T15:20:31.977" >
                <step title="Executing external process" date="2025-07-31T15:20:32.458" type="process" path="starter.sh" arguments="/opt/Kudu/Scripts/parallel_rsync.sh /tmp/zipdeploy/extracted /home/site/wwwroot 8 /tmp/ False False  " /><!-- duration: 7144ms -->
                <step title="Modified file to trigger a restart of the app container." date="2025-07-31T15:20:40.046" /><!-- duration: 5ms -->
                <step title="Skip function trigger and logicapp sync because function is not enabled." date="2025-07-31T15:20:40.056" /><!-- duration: 6ms -->
              </step><!-- duration: 8815ms -->
            </step><!-- duration: 8960ms -->
            <step title="Cleaning up temp files" date="2025-07-31T15:20:40.807" /><!-- duration: 29ms -->
            <step title="Cleaning up temp files" date="2025-07-31T15:20:40.839" /><!-- duration: 505ms -->
            <step title="Reloading status file with latest updates" date="2025-07-31T15:20:41.381" >
              <step title="WebHooksManager.PublishEventAsync: PostDeployment" date="2025-07-31T15:20:41.385" /><!-- duration: 27ms -->
            </step><!-- duration: 35ms -->
            <step title="Cleaning up temporary deployment - fetch deployment was successful" date="2025-07-31T15:20:41.423" /><!-- duration: 4ms -->
          </step><!-- duration: 9798ms -->
        </step><!-- duration: 11487ms -->
        <step title="Outgoing response" date="2025-07-31T15:20:41.521" type="response" statusCode="200" statusText="OK" /><!-- duration: 3ms -->
      </step><!-- duration: 11508ms -->
