<step title="Incoming Request" date="2025-07-31T14:49:50.491" instance="7cde0c" url="/api/publish?type=zip" method="POST" type="request" pid="821,1,26" Accept="*/*" Host="slide-view-app-new.scm.azurewebsites.net" User-Agent="AZURECLI/2.75.0 (DEB)" Accept-Encoding="gzip, deflate" Authorization="Bas..." Cache-Control="no-cache" Content-Type="application/octet-stream" Cookie="ARRAffinity=7cde0ce03596ffa77c8807d4eb3f61ae3283098bbbdc0404f9c10c048e8f0bd3; ARRAffinitySameSite=7cde0ce03596ffa77c8807d4eb3f61ae3283098bbbdc0404f9c10c048e8f0bd3" Content-Length="2579251" x-ms-client-request-id="9407dcd2-6e1d-11f0-a03a-7ced8d3ca823" x-ms-artifact-checksum="febc6b5243d8b83c8159a4bd12db395e1c9fb8ca3b750ebc74397e9b20095aa5" X-ARR-LOG-ID="9407dcd2-6e1d-11f0-a03a-7ced8d3ca823" CLIENT-IP="172.184.219.211:26561" X-SITE-DEPLOYMENT-ID="slide-view-app-new" WAS-DEFAULT-HOSTNAME="slide-view-app-new.scm.azurewebsites.net" X-Forwarded-Proto="https" X-AppService-Proto="https" X-Forwarded-TlsVersion="1.3" X-WAWS-Unencoded-URL="/api/publish?type=zip" X-Client-IP="172.184.219.211" X-Client-Port="26561" >
  <step title="OneDeploy" date="2025-07-31T14:49:50.635" >
    <step title="None repository commit" date="2025-07-31T14:49:50.665" >
      <step title="Commit id: 485c8b96-1bb4-4004-95db-9b8a2c949ca6" date="2025-07-31T14:49:50.670" Message="N/A" AuthorName="N/A" AuthorEmail="N/A" /><!-- duration: 4ms -->
    </step><!-- duration: 13ms -->
    <step title="Starting PushDeployAsync" date="2025-07-31T14:49:50.682" /><!-- duration: 4ms -->
    <step title="Writing artifact to /tmp/zipdeploy/3256c9f7-1d3e-41ed-9221-0c3dbbbf7b05.zip" date="2025-07-31T14:49:50.724" >
      <step title="Writing multipart request body to /tmp/zipdeploy/3256c9f7-1d3e-41ed-9221-0c3dbbbf7b05.zip" date="2025-07-31T14:49:50.742" /><!-- duration: 7ms -->
    </step><!-- duration: 709ms -->
    <step title="Attempting to fetch target branch HEAD" date="2025-07-31T14:49:51.450" /><!-- duration: 3ms -->
    <step title="Acquiring Deployment Lock" date="2025-07-31T14:49:51.461" /><!-- duration: 4ms -->
    <step title="Acquired Deployment Lock" date="2025-07-31T14:49:51.508" /><!-- duration: 6ms -->
    <step title="Performing fetch based deployment" date="2025-07-31T14:49:51.527" >
      <step title="Creating temporary deployment" date="2025-07-31T14:49:51.541" /><!-- duration: 137ms -->
      <step title="Releasing Deployment Lock" date="2025-07-31T14:49:52.959" /><!-- duration: 37ms -->
      <step title="Cleaning up temp folders from previous zip deployments and extracting pushed zip file /tmp/zipdeploy/3256c9f7-1d3e-41ed-9221-0c3dbbbf7b05.zip (2.46 MB) to /tmp/zipdeploy/extracted" date="2025-07-31T14:49:53.074" >
        <step title="ChmodRecursive Process exited with total time taken in ms: 97" date="2025-07-31T14:49:53.639" /><!-- duration: 10ms -->
      </step><!-- duration: 586ms -->
      <step title="None repository commit" date="2025-07-31T14:49:53.675" >
        <step title="Commit id: 485c8b96-1bb4-4004-95db-9b8a2c949ca6" date="2025-07-31T14:49:53.685" Message="OneDeploy" AuthorName="N/A" AuthorEmail="N/A" /><!-- duration: 9ms -->
      </step><!-- duration: 29ms -->
      <step title="Deployment timer started" date="2025-07-31T14:49:55.730" >
        <step title="DeploymentManager.Deploy(id:485c8b96-1bb4-4004-95db-9b8a2c949ca6)" date="2025-07-31T14:49:55.762" >
          <step title="Collecting changeset information" date="2025-07-31T14:49:55.819" /><!-- duration: 170ms -->
          <step title="Updating submodules" date="2025-07-31T14:49:55.997" /><!-- duration: 1241ms -->
          <step title="Determining deployment builder" date="2025-07-31T14:49:57.770" >
            <step title="Builder is OneDeployBuilder" date="2025-07-31T14:49:57.791" /><!-- duration: 6ms -->
          </step><!-- duration: 32ms -->
          <step title="PreDeployment: context.CleanOutputPath False" date="2025-07-31T14:49:57.849" >
            <step title="PreDeployment: context.OutputPath /home/site/wwwroot" date="2025-07-31T14:49:58.038" >
              <step title="Building" date="2025-07-31T14:49:58.370" >
                <step title="Executing external process" date="2025-07-31T14:49:59.350" type="process" path="starter.sh" arguments="/opt/Kudu/Scripts/parallel_rsync.sh /tmp/zipdeploy/extracted /home/site/wwwroot 8 /tmp/ False False  " >
                  <step title="Error occurred" date="2025-07-31T14:50:05.594" type="error" text="Deployment has been stopped due to SCM container restart. The restart can happen due to a management operation on site. Do not perform a management operation and a deployment operation in quick succession. Adding a small delay can help avoid any conflicts." /><!-- duration: 21ms -->
                  <step title="Killing external process" date="2025-07-31T14:50:05.649" >
                    <step title="Abort Process &apos;rsync(1027)&apos;." date="2025-07-31T14:50:05.762" /><!-- duration: 12ms -->
                    <step title="Abort Process &apos;rsync(1024)&apos;." date="2025-07-31T14:50:05.793" /><!-- duration: 21ms -->
                    <step title="Abort Process &apos;bash(1005)&apos;." date="2025-07-31T14:50:05.850" /><!-- duration: 13ms -->
                    <step title="Abort Process &apos;rsync(1032)&apos;." date="2025-07-31T14:50:05.881" /><!-- duration: 11ms -->
                    <step title="Abort Process &apos;rsync(1025)&apos;." date="2025-07-31T14:50:05.908" /><!-- duration: 68ms -->
                    <step title="Abort Process &apos;bash(1006)&apos;." date="2025-07-31T14:50:05.987" /><!-- duration: 12ms -->
                    <step title="Abort Process &apos;bash(1007)&apos;." date="2025-07-31T14:50:06.016" /><!-- duration: 11ms -->
                    <step title="Abort Process &apos;bash(1008)&apos;." date="2025-07-31T14:50:06.039" /><!-- duration: 10ms -->
                    <step title="Abort Process &apos;rsync(1035)&apos;." date="2025-07-31T14:50:06.058" /><!-- duration: 10ms -->
                    <step title="Abort Process &apos;rsync(1030)&apos;." date="2025-07-31T14:50:06.076" /><!-- duration: 12ms -->
                    <step title="Abort Process &apos;bash(1011)&apos;." date="2025-07-31T14:50:06.096" /><!-- duration: 12ms -->
                    <step title="Abort Process &apos;bash(1012)&apos;." date="2025-07-31T14:50:06.138" /><!-- duration: 9ms -->
