<step title="Incoming Request" date="2025-07-31T14:35:33.629" instance="7cde0c" url="/api/publish?type=zip" method="POST" type="request" pid="820,1,7" Accept="*/*" Host="slide-view-app-new.scm.azurewebsites.net" User-Agent="AZURECLI/2.75.0 (DEB)" Accept-Encoding="gzip, deflate" Authorization="Bas..." Cache-Control="no-cache" Content-Type="application/octet-stream" Content-Length="2579251" x-ms-client-request-id="8d323d0a-6e1b-11f0-a03a-7c1e52c65714" x-ms-artifact-checksum="2333383f2ca24fd6a63ae19034a021d8794005b0c9cf6cfd63f84a898f3b5557" X-ARR-LOG-ID="8d323d0a-6e1b-11f0-a03a-7c1e52c65714" CLIENT-IP="20.109.86.228:31744" X-SITE-DEPLOYMENT-ID="slide-view-app-new" WAS-DEFAULT-HOSTNAME="slide-view-app-new.scm.azurewebsites.net" X-Forwarded-Proto="https" X-AppService-Proto="https" X-Forwarded-TlsVersion="1.3" X-WAWS-Unencoded-URL="/api/publish?type=zip" X-Client-IP="20.109.86.228" X-Client-Port="31744" >
  <step title="OneDeploy" date="2025-07-31T14:35:34.220" >
    <step title="None repository commit" date="2025-07-31T14:35:34.237" >
      <step title="Commit id: c1ec2f9d-0371-4c77-b31c-a55051cb5d7c" date="2025-07-31T14:35:34.240" Message="N/A" AuthorName="N/A" AuthorEmail="N/A" /><!-- duration: 3ms -->
    </step><!-- duration: 10ms -->
    <step title="Starting PushDeployAsync" date="2025-07-31T14:35:34.250" /><!-- duration: 3ms -->
    <step title="Writing artifact to /tmp/zipdeploy/57371c7b-5b54-4ebe-bf50-8654f916e622.zip" date="2025-07-31T14:35:34.262" >
      <step title="Writing multipart request body to /tmp/zipdeploy/57371c7b-5b54-4ebe-bf50-8654f916e622.zip" date="2025-07-31T14:35:34.266" /><!-- duration: 4ms -->
    </step><!-- duration: 98ms -->
    <step title="Attempting to fetch target branch HEAD" date="2025-07-31T14:35:34.384" /><!-- duration: 3ms -->
    <step title="Acquiring Deployment Lock" date="2025-07-31T14:35:34.393" /><!-- duration: 3ms -->
    <step title="Acquired Deployment Lock" date="2025-07-31T14:35:34.437" /><!-- duration: 3ms -->
    <step title="Performing fetch based deployment" date="2025-07-31T14:35:34.450" >
      <step title="Creating temporary deployment" date="2025-07-31T14:35:34.456" /><!-- duration: 87ms -->
      <step title="Releasing Deployment Lock" date="2025-07-31T14:35:35.743" /><!-- duration: 7ms -->
      <step title="Cleaning up temp folders from previous zip deployments and extracting pushed zip file /tmp/zipdeploy/57371c7b-5b54-4ebe-bf50-8654f916e622.zip (2.46 MB) to /tmp/zipdeploy/extracted" date="2025-07-31T14:35:35.777" >
        <step title="ChmodRecursive Process exited with total time taken in ms: 88" date="2025-07-31T14:35:36.130" /><!-- duration: 10ms -->
      </step><!-- duration: 376ms -->
      <step title="None repository commit" date="2025-07-31T14:35:36.162" >
        <step title="Commit id: c1ec2f9d-0371-4c77-b31c-a55051cb5d7c" date="2025-07-31T14:35:36.165" Message="OneDeploy" AuthorName="N/A" AuthorEmail="N/A" /><!-- duration: 7ms -->
      </step><!-- duration: 19ms -->
      <step title="Deployment timer started" date="2025-07-31T14:35:38.193" >
        <step title="DeploymentManager.Deploy(id:c1ec2f9d-0371-4c77-b31c-a55051cb5d7c)" date="2025-07-31T14:35:38.204" >
          <step title="Collecting changeset information" date="2025-07-31T14:35:38.222" /><!-- duration: 102ms -->
          <step title="Updating submodules" date="2025-07-31T14:35:38.331" /><!-- duration: 1117ms -->
          <step title="Determining deployment builder" date="2025-07-31T14:35:39.666" >
            <step title="Builder is OneDeployBuilder" date="2025-07-31T14:35:39.678" /><!-- duration: 3ms -->
          </step><!-- duration: 20ms -->
          <step title="PreDeployment: context.CleanOutputPath False" date="2025-07-31T14:35:39.726" >
            <step title="PreDeployment: context.OutputPath /home/site/wwwroot" date="2025-07-31T14:35:39.874" >
              <step title="Building" date="2025-07-31T14:35:40.075" >
                <step title="Executing external process" date="2025-07-31T14:35:40.548" type="process" path="starter.sh" arguments="/opt/Kudu/Scripts/parallel_rsync.sh /tmp/zipdeploy/extracted /home/site/wwwroot 8 /tmp/ False False  " /><!-- duration: 8766ms -->
                <step title="Modified file to trigger a restart of the app container." date="2025-07-31T14:35:49.744" /><!-- duration: 4ms -->
                <step title="Skip function trigger and logicapp sync because function is not enabled." date="2025-07-31T14:35:49.754" /><!-- duration: 5ms -->
              </step><!-- duration: 10311ms -->
            </step><!-- duration: 10519ms -->
            <step title="Cleaning up temp files" date="2025-07-31T14:35:50.397" /><!-- duration: 4ms -->
            <step title="Cleaning up temp files" date="2025-07-31T14:35:50.404" /><!-- duration: 504ms -->
            <step title="Reloading status file with latest updates" date="2025-07-31T14:35:50.951" >
              <step title="WebHooksManager.PublishEventAsync: PostDeployment" date="2025-07-31T14:35:50.956" /><!-- duration: 79ms -->
            </step><!-- duration: 87ms -->
            <step title="Cleaning up temporary deployment - fetch deployment was successful" date="2025-07-31T14:35:51.044" /><!-- duration: 4ms -->
          </step><!-- duration: 11408ms -->
        </step><!-- duration: 12937ms -->
        <step title="Outgoing response" date="2025-07-31T14:35:51.158" type="response" statusCode="200" statusText="OK" /><!-- duration: 6ms -->
      </step><!-- duration: 12976ms -->
