<step title="Incoming Request" date="2025-07-31T15:14:49.848" instance="7cde0c" url="/api/publish?type=zip" method="POST" type="request" pid="820,1,3" Accept="*/*" Host="slide-view-app-new.scm.azurewebsites.net" User-Agent="AZURECLI/2.75.0 (DEB)" Accept-Encoding="gzip, deflate" Authorization="Bas..." Cache-Control="no-cache" Content-Type="application/octet-stream" Cookie="ARRAffinity=7cde0ce03596ffa77c8807d4eb3f61ae3283098bbbdc0404f9c10c048e8f0bd3; ARRAffinitySameSite=7cde0ce03596ffa77c8807d4eb3f61ae3283098bbbdc0404f9c10c048e8f0bd3" Content-Length="2579251" x-ms-client-request-id="112b6302-6e21-11f0-a03a-000d3a19d39e" x-ms-artifact-checksum="fdef71eb1be2a1bd303322bae5810ae1b508e1e61c249e8134312f09b07c9ac8" X-ARR-LOG-ID="112b6302-6e21-11f0-a03a-000d3a19d39e" CLIENT-IP="172.214.44.7:18433" X-SITE-DEPLOYMENT-ID="slide-view-app-new" WAS-DEFAULT-HOSTNAME="slide-view-app-new.scm.azurewebsites.net" X-Forwarded-Proto="https" X-AppService-Proto="https" X-Forwarded-TlsVersion="1.3" X-WAWS-Unencoded-URL="/api/publish?type=zip" X-Client-IP="172.214.44.7" X-Client-Port="18433" >
  <step title="OneDeploy" date="2025-07-31T15:14:49.863" >
    <step title="Starting PushDeployAsync" date="2025-07-31T15:14:49.875" /><!-- duration: 4ms -->
    <step title="Writing artifact to /tmp/zipdeploy/72cc00dc-9589-4c83-8b2d-c78a19e78ff1.zip" date="2025-07-31T15:14:49.890" >
      <step title="Writing multipart request body to /tmp/zipdeploy/72cc00dc-9589-4c83-8b2d-c78a19e78ff1.zip" date="2025-07-31T15:14:49.894" /><!-- duration: 4ms -->
    </step><!-- duration: 1300ms -->
    <step title="Attempting to fetch target branch HEAD" date="2025-07-31T15:14:51.209" /><!-- duration: 5ms -->
    <step title="Acquiring Deployment Lock" date="2025-07-31T15:14:51.218" /><!-- duration: 6ms -->
    <step title="Acquired Deployment Lock" date="2025-07-31T15:14:51.256" /><!-- duration: 4ms -->
    <step title="Performing fetch based deployment" date="2025-07-31T15:14:51.275" >
      <step title="Creating temporary deployment" date="2025-07-31T15:14:51.279" /><!-- duration: 61ms -->
      <step title="Releasing Deployment Lock" date="2025-07-31T15:14:52.483" /><!-- duration: 8ms -->
      <step title="Cleaning up temp folders from previous zip deployments and extracting pushed zip file /tmp/zipdeploy/72cc00dc-9589-4c83-8b2d-c78a19e78ff1.zip (2.46 MB) to /tmp/zipdeploy/extracted" date="2025-07-31T15:14:52.516" >
        <step title="ChmodRecursive Process exited with total time taken in ms: 48" date="2025-07-31T15:14:52.826" /><!-- duration: 4ms -->
      </step><!-- duration: 318ms -->
      <step title="None repository commit" date="2025-07-31T15:14:52.838" >
        <step title="Commit id: fdf1cd17-aedd-4965-bb86-6c054977778f" date="2025-07-31T15:14:52.842" Message="OneDeploy" AuthorName="N/A" AuthorEmail="N/A" /><!-- duration: 4ms -->
      </step><!-- duration: 10ms -->
      <step title="Deployment timer started" date="2025-07-31T15:14:54.864" >
        <step title="DeploymentManager.Deploy(id:fdf1cd17-aedd-4965-bb86-6c054977778f)" date="2025-07-31T15:14:54.872" >
          <step title="Collecting changeset information" date="2025-07-31T15:14:54.895" /><!-- duration: 88ms -->
          <step title="Updating submodules" date="2025-07-31T15:14:54.991" /><!-- duration: 1143ms -->
          <step title="Determining deployment builder" date="2025-07-31T15:14:56.374" >
            <step title="Builder is OneDeployBuilder" date="2025-07-31T15:14:56.398" /><!-- duration: 5ms -->
          </step><!-- duration: 33ms -->
          <step title="PreDeployment: context.CleanOutputPath False" date="2025-07-31T15:14:56.453" >
            <step title="PreDeployment: context.OutputPath /home/site/wwwroot" date="2025-07-31T15:14:56.568" >
              <step title="Building" date="2025-07-31T15:14:56.715" >
                <step title="Executing external process" date="2025-07-31T15:14:57.208" type="process" path="starter.sh" arguments="/opt/Kudu/Scripts/parallel_rsync.sh /tmp/zipdeploy/extracted /home/site/wwwroot 8 /tmp/ False False  " /><!-- duration: 7222ms -->
                <step title="Modified file to trigger a restart of the app container." date="2025-07-31T15:15:04.895" /><!-- duration: 5ms -->
                <step title="Skip function trigger and logicapp sync because function is not enabled." date="2025-07-31T15:15:04.911" /><!-- duration: 4ms -->
              </step><!-- duration: 8982ms -->
            </step><!-- duration: 9137ms -->
            <step title="Cleaning up temp files" date="2025-07-31T15:15:05.708" /><!-- duration: 6ms -->
            <step title="Cleaning up temp files" date="2025-07-31T15:15:05.722" /><!-- duration: 515ms -->
            <step title="Reloading status file with latest updates" date="2025-07-31T15:15:06.263" >
              <step title="WebHooksManager.PublishEventAsync: PostDeployment" date="2025-07-31T15:15:06.268" /><!-- duration: 26ms -->
            </step><!-- duration: 34ms -->
            <step title="Cleaning up temporary deployment - fetch deployment was successful" date="2025-07-31T15:15:06.306" /><!-- duration: 4ms -->
          </step><!-- duration: 9958ms -->
        </step><!-- duration: 11542ms -->
        <step title="Outgoing response" date="2025-07-31T15:15:06.420" type="response" statusCode="200" statusText="OK" /><!-- duration: 4ms -->
      </step><!-- duration: 11574ms -->
