﻿<?xml version="1.0" encoding="utf-8"?>
<deployment>
  <id>a41877a1-8bff-4e24-9dff-c8cd42a236ac</id>
  <author>N/A</author>
  <deployer>OneDeploy</deployer>
  <authorEmail>N/A</authorEmail>
  <message>OneDeploy</message>
  <progress></progress>
  <status>Success</status>
  <statusText></statusText>
  <lastSuccessEndTime>2025-07-31T15:20:40.4331549Z</lastSuccessEndTime>
  <receivedTime>2025-07-31T15:20:30.0892384Z</receivedTime>
  <startTime>2025-07-31T15:20:31.5437189Z</startTime>
  <endTime>2025-07-31T15:20:40.4331549Z</endTime>
  <complete>True</complete>
  <is_temp>False</is_temp>
  <is_readonly>True</is_readonly>
  <buildSummary />
</deployment>