﻿<?xml version="1.0" encoding="utf-8"?>
<deployment>
  <id>c1ec2f9d-0371-4c77-b31c-a55051cb5d7c</id>
  <author>N/A</author>
  <deployer>OneDeploy</deployer>
  <authorEmail>N/A</authorEmail>
  <message>OneDeploy</message>
  <progress></progress>
  <status>Success</status>
  <statusText></statusText>
  <lastSuccessEndTime>2025-07-31T14:35:50.111741Z</lastSuccessEndTime>
  <receivedTime>2025-07-31T14:35:38.2501997Z</receivedTime>
  <startTime>2025-07-31T14:35:39.6062735Z</startTime>
  <endTime>2025-07-31T14:35:50.111741Z</endTime>
  <complete>True</complete>
  <is_temp>False</is_temp>
  <is_readonly>True</is_readonly>
  <buildSummary />
</deployment>