﻿<?xml version="1.0" encoding="utf-8"?>
<deployment>
  <id>fdf1cd17-aedd-4965-bb86-6c054977778f</id>
  <author>N/A</author>
  <deployer>OneDeploy</deployer>
  <authorEmail>N/A</authorEmail>
  <message>OneDeploy</message>
  <progress></progress>
  <status>Success</status>
  <statusText></statusText>
  <lastSuccessEndTime>2025-07-31T15:15:05.3572007Z</lastSuccessEndTime>
  <receivedTime>2025-07-31T15:14:54.9221935Z</receivedTime>
  <startTime>2025-07-31T15:14:56.3120805Z</startTime>
  <endTime>2025-07-31T15:15:05.3572007Z</endTime>
  <complete>True</complete>
  <is_temp>False</is_temp>
  <is_readonly>True</is_readonly>
  <buildSummary />
</deployment>